Equation,N,Initial Condition,Boundary Function,DX,DT,L2 Error,Avg L2 Error,Median L2 Error,L1 Error,Avg L1 Error,Median L1 Error,Peak Max Error,log(dx),log(L2),log(mean L2),log(median L2),log(L1),log(mean L1),log(median L1)
advection,5000,advec_gauss,periodic,0.05,0.005,0.0004750923388819805,9.68342082612444e-05,2.7396433754116995e-05,0.00020123951571215698,4.101969240305686e-05,1.1528568314621829e-05,0.0015364763034463325,-2.995732273553991,-7.652001375176132,-9.242510234981122,-10.505097708000376,-8.511014738862851,-10.101458304054717,-11.370682401850873
