Equation,N,Initial Condition,Boundary Function,DX,DT,L2 Error,Avg L2 Error,Median L2 Error,L1 Error,Avg L1 Error,Median L1 Error,Peak Max Error,log(dx),log(L2),log(mean L2),log(median L2),log(L1),log(mean L1),log(median L1)
wave,8000,wave_gauss,reflect,0.0125,0.00125,1.4687282173932746e-06,7.355279421817261e-07,7.417405503173906e-07,6.098895204110222e-07,2.9523745672193203e-07,2.981903436128972e-07,5.559583587055883e-06,-4.382026634673881,-13.43111368987488,-14.122677306896806,-14.114266317570294,-14.309988010262481,-15.035485866355026,-15.025533817390603
