Equation,N,Initial Condition,Boundary Function,DX,DT,L2 Error,Avg L2 Error,Median L2 Error,L1 Error,Avg L1 Error,Median L1 Error,Peak Max Error,log(dx),log(L2),log(mean L2),log(median L2),log(L1),log(mean L1),log(median L1)
wave,2000,wave_gauss,reflect,0.05,0.0025,3.1365267706619395,0.08850121505286715,0.00036692559016287933,0.9053852871943914,0.025684772604543955,0.00015423726673909833,21.481269633163848,-2.995732273553991,1.1431160637205124,-2.4247389976515725,-7.910351482066372,-0.09939469417373137,-3.661856968341576,-8.777018448089589
