Equation,N,Initial Condition,Boundary Function,DX,DT,L2 Error,Avg L2 Error,Median L2 Error,L1 Error,Avg L1 Error,Median L1 Error,Peak Max Error,log(dx),log(L2),log(mean L2),log(median L2),log(L1),log(mean L1),log(median L1)
wave,2000,wave_gauss,reflect,0.05,0.0025,4.735415272398216e-05,2.487296441377654e-05,2.4501769010759082e-05,1.9662950213450396e-05,1.0147915395547674e-05,1.0077202149131829e-05,0.00019346494741762088,-2.995732273553991,-9.95785603945383,-10.601729110880086,-10.616765238499434,-10.836774392781598,-11.498242253318784,-11.50523489841948
