Equation,N,Initial Condition,Boundary Function,DX,DT,L2 Error,Avg L2 Error,Median L2 Error,L1 Error,Avg L1 Error,Median L1 Error,Peak Max Error,log(dx),log(L2),log(mean L2),log(median L2),log(L1),log(mean L1),log(median L1)
diffusion,5000,diff_gauss,periodic,0.5,0.0625,7.369257373947904e-06,2.0096195880722638e-05,1.469946102689618e-05,8.574775882645613e-07,1.7563231964722028e-06,1.4734088254427256e-06,0.0014569218271828221,-0.6931471805599453,-11.81819362021206,-10.814980020476655,-11.12769972968875,-13.969270794382494,-13.252288027026255,-13.427931912867173
