dx,error,log_dx,log_error,observed_order,expected_order,log_intercept,error_metric
1.0,3.2132455424741714e-06,0.0,-12.648229059189942,1.9517427089589565,2,-12.623247482985255,avg_l1
0.5,8.788303812514573e-07,-0.6931471805599453,-13.944673925741474,1.9517427089589565,2,-12.623247482985255,avg_l1
0.25,2.2283601551418444e-07,-1.3862943611198906,-15.316829692432094,1.9517427089589565,2,-12.623247482985255,avg_l1
0.125,5.586504363111903e-08,-2.0794415416798357,-16.700326989937498,1.9517427089589565,2,-12.623247482985255,avg_l1
