Equation,N,Initial Condition,Boundary Function,DX,DT,L2 Error,Avg L2 Error,Median L2 Error,L1 Error,Avg L1 Error,Median L1 Error,Peak Max Error,log(dx),log(L2),log(mean L2),log(median L2),log(L1),log(mean L1),log(median L1)
wave,1000,wave_gauss,reflect,0.1,0.01,9.398930623380563e-05,4.70843536592951e-05,4.746816776639513e-05,3.902336275458872e-05,1.8921791213502394e-05,1.907773383231208e-05,0.0003560115906365291,-2.3025850929940455,-9.272329545635978,-9.963569806200743,-9.955451223862514,-10.151350046201,-10.875196325803651,-10.866988670889473
