Equation,N,Initial Condition,Boundary Function,DX,DT,L2 Error,Avg L2 Error,Median L2 Error,L1 Error,Avg L1 Error,Median L1 Error,Peak Max Error,log(dx),log(L2),log(mean L2),log(median L2),log(L1),log(mean L1),log(median L1)
wave,16000,wave_gauss,reflect,0.00625,0.000625,3.7089138263929403e-07,1.857396044450758e-07,1.8730836392267462e-07,1.540134963914735e-07,7.454726107396213e-08,7.530085173196207e-08,1.4039281713840168e-06,-5.075173815233827,-14.807356586370558,-15.498920120217077,-15.49050957327355,-15.686225599467175,-16.411832535861116,-16.4017743910231
