Equation,N,Initial Condition,Boundary Function,DX,DT,L2 Error,Avg L2 Error,Median L2 Error,L1 Error,Avg L1 Error,Median L1 Error,Peak Max Error,log(dx),log(L2),log(mean L2),log(median L2),log(L1),log(mean L1),log(median L1)
advection,5000,advec_gauss,periodic,0.05,0.005,0.0007210928665891112,0.0002784247603224062,0.0002734230574755354,0.00029112753277707074,0.00011630625270832625,0.00011510352381609973,0.0027801027523438604,-2.995732273553991,-7.234742626492222,-8.186362695519076,-8.204490301182465,-8.141749129833437,-9.05928373627071,-9.069678627447908
