Equation,N,Initial Condition,Boundary Function,DX,DT,L2 Error,Avg L2 Error,Median L2 Error,L1 Error,Avg L1 Error,Median L1 Error,Peak Max Error,log(dx),log(L2),log(mean L2),log(median L2),log(L1),log(mean L1),log(median L1)
advection,5000,advec_gauss,periodic,0.05,0.005,0.00047181673300189677,7.902252898433434e-05,7.216033944132534e-07,0.0002003166664690321,3.3558247949779225e-05,2.996480211235402e-07,0.001521137206151879,-2.995732273553991,-7.658919925316314,-9.445777569135599,-14.141790164199563,-8.515611111220197,-10.302227884230483,-15.02065731402351
