time,l2_error,l1_error,max_error
20.000000000000327,0.0004717407192760709,0.0002007709184312259,0.001521344473129127
40.00000000000061,0.0004730644487181424,0.00020190489365857228,0.0015264736364832832
59.99999999999663,0.00046719832369127094,0.00020089252285179494,0.001501225675464235
80.00000000000402,0.0004754586844317291,0.00020385180901153128,0.0015366346148583676
100.00000000001425,0.00047635207170735206,0.0002040767558305321,0.0015417321967084452
120.00000000002449,0.00047744048167384315,0.0002020090484380809,0.0015534773797414303
140.00000000001765,0.00048011306291962844,0.00020487145050728732,0.0015523026946306362
159.99999999999946,0.00046151535307681894,0.000202379805942291,0.0014762614976393529
179.99999999998127,0.0004603911239605629,0.00020267756862852248,0.0014712815695898107
