time,l2_error,l1_error,max_error
20.000000000000327,1.2153160799669133e-05,5.046694007067996e-06,4.6004527427756514e-05
40.00000000000061,2.4306321306543347e-05,1.0093387780729707e-05,9.201369916522761e-05
59.99999999999663,0.0009134445785669056,0.00039200002118234395,0.0029129130395166847
80.00000000000402,4.8612723257226456e-05,2.0194908892885857e-05,0.0001840459458097854
100.00000000001425,0.0001131387740462505,3.995452103885385e-05,0.001039155871583347
120.00000000002449,0.0013143647171817558,0.00037702169201472846,0.006308787427224738
