Equation,N,Initial Condition,Boundary Function,DX,DT,L2 Error,Avg L2 Error,Median L2 Error,L1 Error,Avg L1 Error,Median L1 Error,Peak Max Error,log(dx),log(L2),log(mean L2),log(median L2),log(L1),log(mean L1),log(median L1)
diffusion,5000,diff_gauss,edge,0.05,0.001,0.0003099432759941947,0.00040661501045994734,0.000393532974696674,0.000134843850500625,0.00016108292947040144,0.0001581145910108229,0.002171023918115189,-2.995732273553991,-8.079121257891975,-7.807643740432391,-7.840345695150941,-8.911393111935046,-8.733591235714796,-8.752190528248759
