Equation,N,Initial Condition,Boundary Function,DX,DT,L2 Error,Avg L2 Error,Median L2 Error,L1 Error,Avg L1 Error,Median L1 Error,Peak Max Error,log(dx),log(L2),log(mean L2),log(median L2),log(L1),log(mean L1),log(median L1)
diffusion,10000,diff_gauss,periodic,0.25,0.015625,9.200086943406763e-07,2.5540598971488583e-06,1.8898702351743575e-06,1.0713349556631467e-07,2.2283601551418444e-07,1.8685767061946213e-07,0.00018169605727014204,-1.3862943611198906,-13.89888271657768,-12.87782634833885,-13.179002389887742,-16.049190158003157,-15.316829692432094,-15.492918629572488
