Equation,N,Initial Condition,Boundary Function,DX,DT,L2 Error,Avg L2 Error,Median L2 Error,L1 Error,Avg L1 Error,Median L1 Error,Peak Max Error,log(dx),log(L2),log(mean L2),log(median L2),log(L1),log(mean L1),log(median L1)
wave,2000,wave_gauss,reflect,0.05,0.0025,4.747280567615482e-05,2.4930373309923755e-05,2.4554874058358056e-05,1.9712221050133253e-05,1.0171608272369439e-05,1.0102453171767306e-05,0.00019390564809779187,-2.995732273553991,-9.95535352295225,-10.59942368621586,-10.614600187447406,-10.83427175668795,-11.495910221530389,-11.502732275315854
