Equation,N,Initial Condition,Boundary Function,DX,DT,L2 Error,Avg L2 Error,Median L2 Error,L1 Error,Avg L1 Error,Median L1 Error,Peak Max Error,log(dx),log(L2),log(mean L2),log(median L2),log(L1),log(mean L1),log(median L1)
diffusion,2500,diff_gauss,periodic,1.0,0.25,1.4732704343806871e-05,3.581147360298834e-05,2.621664694812917e-05,1.7124127666101198e-06,3.2132455424741714e-06,2.7088572072387586e-06,0.0026097334545557294,0.0,-11.125440750056862,-10.23724222420053,-10.549115969265856,-13.277607207313245,-12.648229059189942,-12.818983706756743
