Equation,N,Initial Condition,Boundary Function,DX,DT,L2 Error,Avg L2 Error,Median L2 Error,L1 Error,Avg L1 Error,Median L1 Error,Peak Max Error,log(dx),log(L2),log(mean L2),log(median L2),log(L1),log(mean L1),log(median L1)
wave,8000,wave_gauss,reflect,0.0125,0.00125,1.4835636316985438e-06,7.429574049907467e-07,7.492327667165436e-07,6.160499415799723e-07,2.982196134646121e-07,3.012023251631572e-07,5.615740716558015e-06,-4.382026634673881,-13.421063505180545,-14.112627122282827,-14.104216131726146,-14.299937802705749,-15.025435663926224,-15.015483621385272
