Equation,N,Initial Condition,Boundary Function,DX,DT,L2 Error,Avg L2 Error,Median L2 Error,L1 Error,Avg L1 Error,Median L1 Error,Peak Max Error,log(dx),log(L2),log(mean L2),log(median L2),log(L1),log(mean L1),log(median L1)
wave,4000,wave_gauss,reflect,0.025,0.0025,5.934224129296059e-06,2.9718424466419524e-06,2.996920040561432e-06,2.4641778761264725e-06,1.1931308905717393e-06,1.2047916533525294e-06,2.2462851894389235e-05,-3.6888794541139363,-12.034774266452327,-12.726328445083979,-12.717925449811677,-12.91365232491218,-13.638929705383362,-13.629203907753025
