Equation,N,Initial Condition,Boundary Function,DX,DT,L2 Error,Avg L2 Error,Median L2 Error,L1 Error,Avg L1 Error,Median L1 Error,Peak Max Error,log(dx),log(L2),log(mean L2),log(median L2),log(L1),log(mean L1),log(median L1)
diffusion,20000,diff_gauss,periodic,0.125,0.00390625,2.299923531771912e-07,6.405066608838687e-07,4.724209353547431e-07,2.678109799963781e-08,5.586504363111903e-08,4.6790724594676616e-08,4.540633852001541e-05,-2.0794415416798357,-15.285219775631601,-14.261006316157266,-14.565395436596827,-17.435569496790592,-16.700326989937498,-16.877580846086964
