Equation,N,Initial Condition,Boundary Function,DX,DT,L2 Error,Avg L2 Error,Median L2 Error,L1 Error,Avg L1 Error,Median L1 Error,Peak Max Error,log(dx),log(L2),log(mean L2),log(median L2),log(L1),log(mean L1),log(median L1)
advection,10000,advec_gauss,periodic,0.025,0.0025,3.797925064235343e-07,1.8989625311686248e-07,1.8989625312263201e-07,1.577100061604915e-07,7.885500304997771e-08,7.88550030529856e-08,1.4376229546808617e-06,-3.6888794541139363,-14.783640769085318,-15.476787950145035,-15.476787950114653,-15.662507894384797,-16.355655075328585,-16.355655075290443
