dx,error,log_dx,log_error,observed_order,expected_order,log_intercept,error_metric
0.1,0.00024179717357198887,-2.3025850929940455,-8.327411308966918,0.99860293259263,1,-6.027703471090889,avg_l1
0.05,0.00012110315132976423,-2.995732273553991,-9.018867885202402,0.99860293259263,1,-6.027703471090889,avg_l1
0.025,6.060242091531937e-05,-3.6888794541139363,-9.71117571658927,0.99860293259263,1,-6.027703471090889,avg_l1
0.0125,3.031388430275551e-05,-4.382026634673881,-10.403904722589541,0.99860293259263,1,-6.027703471090889,avg_l1
