dx,error,log_dx,log_error,observed_order,expected_order,log_intercept,error_metric
0.1,0.0005740681138375906,-2.3025850929940455,-7.462762503462585,0.9982559963286965,1,-5.1637696247377365,avg_l2
0.05,0.00028764016556801945,-2.995732273553991,-8.15380028412168,0.9982559963286965,1,-5.1637696247377365,avg_l2
0.025,0.00014397091701569972,-3.6888794541139363,-8.845899243954737,0.9982559963286965,1,-5.1637696247377365,avg_l2
0.0125,7.202307904932459e-05,-4.382026634673881,-9.538523947959213,0.9982559963286965,1,-5.1637696247377365,avg_l2
