Equation,N,Initial Condition,Boundary Function,DX,DT,L2 Error,Avg L2 Error,Median L2 Error,L1 Error,Avg L1 Error,Median L1 Error,Peak Max Error,log(dx),log(L2),log(mean L2),log(median L2),log(L1),log(mean L1),log(median L1)
advection,5000,advec_gauss,periodic,0.05,0.005,1.5191650422206968e-06,7.595825210314631e-07,7.595825210430275e-07,6.308379395745152e-07,3.15418969775211e-07,3.1541896978734086e-07,5.750499672441123e-06,-2.995732273553991,-13.397349688362969,-14.090496869026767,-14.090496869011542,-14.276216838494149,-14.969364019092286,-14.96936401905383
