Equation,N,Initial Condition,Boundary Function,DX,DT,L2 Error,Avg L2 Error,Median L2 Error,L1 Error,Avg L1 Error,Median L1 Error,Peak Max Error,log(dx),log(L2),log(mean L2),log(median L2),log(L1),log(mean L1),log(median L1)
diffusion,20000,diff_gauss,periodic,0.125,0.00390625,4.6001560503659384e-07,1.2810217947528543e-06,9.449422664219575e-07,5.356370599034698e-08,1.117242300574e-07,9.358536665775162e-08,9.079912248788347e-05,-2.0794415416798357,-14.59200542404608,-13.567852521335821,-13.872142005052345,-16.742394125269477,-16.007232233559012,-16.184391804811685
