Equation,N,Initial Condition,Boundary Function,DX,DT,L2 Error,Avg L2 Error,Median L2 Error,L1 Error,Avg L1 Error,Median L1 Error,Peak Max Error,log(dx),log(L2),log(mean L2),log(median L2),log(L1),log(mean L1),log(median L1)
diffusion,5000,diff_gauss,periodic,0.5,0.0625,3.6806632265506235e-06,1.004540636371906e-05,7.337411832434847e-06,4.285247744273672e-07,8.788303812514573e-07,7.361471429870757e-07,0.0007307180285839321,-0.6931471805599453,-12.51241759741579,-11.508395106188198,-11.82252438890476,-14.662917283946598,-13.944673925741474,-14.121835815662594
