Equation,N,Initial Condition,Boundary Function,DX,DT,L2 Error,Avg L2 Error,Median L2 Error,L1 Error,Avg L1 Error,Median L1 Error,Peak Max Error,log(dx),log(L2),log(mean L2),log(median L2),log(L1),log(mean L1),log(median L1)
wave,4000,wave_gauss,reflect,0.025,0.0025,5.87488543852917e-06,2.942125800946401e-06,2.966952619345048e-06,2.439537342408525e-06,1.1812002097272227e-06,1.192744402899338e-06,2.2238228410853544e-05,-3.6888794541139363,-12.044823997948997,-12.736378176350348,-12.727975185996092,-12.923702150405125,-13.648979509522288,-13.639253685162892
