Equation,N,Initial Condition,Boundary Function,DX,DT,L2 Error,Avg L2 Error,Median L2 Error,L1 Error,Avg L1 Error,Median L1 Error,Peak Max Error,log(dx),log(L2),log(mean L2),log(median L2),log(L1),log(mean L1),log(median L1)
advection,5000,advec_gauss,periodic,0.05,0.005,0.000680627919371066,0.00025719235235398323,0.0002461176999769151,0.0002741149371553545,0.00010737706314657735,0.0001036057259980757,0.0025826760341979282,-2.995732273553991,-7.29249477503583,-8.265686300280894,-8.309700681264388,-8.201963060863607,-9.139163963440934,-9.17491795941454
