Equation,N,Initial Condition,Boundary Function,DX,DT,L2 Error,Avg L2 Error,Median L2 Error,L1 Error,Avg L1 Error,Median L1 Error,Peak Max Error,log(dx),log(L2),log(mean L2),log(median L2),log(L1),log(mean L1),log(median L1)
wave,16000,wave_gauss,reflect,0.00625,0.000625,3.671824828400932e-07,1.8388221545929463e-07,1.8543528735464002e-07,1.5247336631907977e-07,7.380179095314816e-08,7.454784586317272e-08,1.389888909852921e-06,-5.075173815233827,-14.817406884021823,-15.50897041768367,-15.500559870994115,-15.696275903239526,-16.421882837976604,-16.411824691348674
