Equation,N,Initial Condition,Boundary Function,DX,DT,L2 Error,Avg L2 Error,Median L2 Error,L1 Error,Avg L1 Error,Median L1 Error,Peak Max Error,log(dx),log(L2),log(mean L2),log(median L2),log(L1),log(mean L1),log(median L1)
diffusion,2500,diff_gauss,periodic,1.0,0.25,2.9593391030067876e-05,7.19836806835627e-05,5.2766970036570366e-05,3.433065948011943e-06,6.424050402119346e-06,5.432900696187673e-06,0.005287054035190253,0.0,-10.42795949757528,-9.539071121811578,-9.849625130490239,-12.58205683364936,-11.955461735441604,-12.123037368458549
