Equation,N,Initial Condition,Boundary Function,DX,DT,L2 Error,Avg L2 Error,Median L2 Error,L1 Error,Avg L1 Error,Median L1 Error,Peak Max Error,log(dx),log(L2),log(mean L2),log(median L2),log(L1),log(mean L1),log(median L1)
wave,2000,wave_gauss,reflect,0.05,0.005,2.3499101875799622e-05,1.1768947770307065e-05,1.1867657075225954e-05,9.757509696445572e-06,4.726656542583004e-06,4.770728374016925e-06,8.895697973165806e-05,-2.995732273553991,-10.658548355595569,-11.350046039982661,-11.341693750861662,-11.537473344149314,-12.262292467438382,-12.253011565765993
