time,l2_error_euler,l2_error_rk4
0,0,0
0,0,0
0,0,0
0,0,0
0,0,0
0.5,0.000470771,0.000470757
1,0.000470862,0.000470816
1.5,8.65E-06,2.28E-07
2,1.15E-05,3.04E-07
2.5,1.44E-05,3.80E-07
3,1.73E-05,4.56E-07
3.5,2.02E-05,5.32E-07
4,2.31E-05,6.08E-07
4.5,2.60E-05,6.84E-07
5,2.88E-05,7.60E-07
5.5,3.17E-05,8.36E-07
6,3.46E-05,9.11E-07
6.5,3.75E-05,9.87E-07
7,4.04E-05,1.06E-06
7.5,4.33E-05,1.14E-06
8,4.61E-05,1.22E-06
8.5,4.90E-05,1.29E-06
9,0.000474704,0.000471758
9.5,0.000475092,0.000471817
