Equation,N,Initial Condition,Boundary Function,DX,DT,L2 Error,Avg L2 Error,Median L2 Error,L1 Error,Avg L1 Error,Median L1 Error,Peak Max Error,log(dx),log(L2),log(mean L2),log(median L2),log(L1),log(mean L1),log(median L1)
diffusion,5000,diff_gauss,edge,0.05,0.001,0.00030994330027975546,0.00040661393567683154,0.00039353158727481615,0.00013484585625760586,0.0001610842510820665,0.00015811570274093043,0.002171023918115189,-2.995732273553991,-8.079121179537122,-7.807646383680939,-7.840349220711422,-8.911378237381584,-8.733583031206424,-8.752183497106396
